{
  "n_estimators": 200,
  "learning_rate": 0.17548611966896055,
  "num_leaves": 46,
  "subsample": 0.9283499225907785,
  "colsample_bytree": 0.6375118232967673,
  "random_state": 42,
  "n_jobs": -1,
  "verbosity": -1
}