{
  "n_estimators": 400,
  "learning_rate": 0.05271789317808063,
  "num_leaves": 15,
  "subsample": 0.8217062735794716,
  "colsample_bytree": 0.84039975639518,
  "random_state": 42,
  "n_jobs": -1,
  "verbosity": -1
}