{
  "n_estimators": 500,
  "learning_rate": 0.17331578219875746,
  "num_leaves": 20,
  "subsample": 0.9627527322414952,
  "colsample_bytree": 0.6915884460276501,
  "random_state": 42,
  "n_jobs": -1,
  "verbosity": -1
}