{
  "n_estimators": 100,
  "learning_rate": 0.06299754153667055,
  "num_leaves": 15,
  "subsample": 0.676171574028434,
  "colsample_bytree": 0.7337051322992955,
  "random_state": 42,
  "n_jobs": -1,
  "verbosity": -1
}