{
  "n_estimators": 100,
  "learning_rate": 0.023047802622900536,
  "num_leaves": 45,
  "subsample": 0.9461166455140212,
  "colsample_bytree": 0.6628686769808212,
  "random_state": 42,
  "n_jobs": -1,
  "verbosity": -1
}