{
  "n_estimators": 200,
  "learning_rate": 0.03291524742007998,
  "num_leaves": 16,
  "subsample": 0.9832441913928915,
  "colsample_bytree": 0.9731517347352757,
  "random_state": 42,
  "n_jobs": -1,
  "verbosity": -1
}