{
  "n_estimators": 600,
  "learning_rate": 0.16221835299787876,
  "num_leaves": 37,
  "subsample": 0.7410562430336267,
  "colsample_bytree": 0.6560254041045211,
  "random_state": 42,
  "n_jobs": -1,
  "verbosity": -1
}