{
  "n_estimators": 300,
  "learning_rate": 0.10721576813423749,
  "num_leaves": 16,
  "subsample": 0.6044982889020739,
  "colsample_bytree": 0.6963303871722362,
  "random_state": 42,
  "n_jobs": -1,
  "verbosity": -1
}