{
  "n_estimators": 300,
  "learning_rate": 0.03754081198002763,
  "num_leaves": 46,
  "subsample": 0.8737220789564226,
  "colsample_bytree": 0.8985167039187724,
  "random_state": 42,
  "n_jobs": -1,
  "verbosity": -1
}