{
  "n_estimators": 300,
  "learning_rate": 0.01142824340216237,
  "num_leaves": 32,
  "subsample": 0.8652440850635257,
  "colsample_bytree": 0.6357577165088667,
  "random_state": 42,
  "n_jobs": -1,
  "verbosity": -1
}