{
  "n_estimators": 300,
  "learning_rate": 0.04790474917300951,
  "num_leaves": 43,
  "subsample": 0.7936357643100543,
  "colsample_bytree": 0.8105830095063358,
  "random_state": 42,
  "n_jobs": -1,
  "verbosity": -1
}