{
  "n_estimators": 300,
  "learning_rate": 0.06263249064091837,
  "num_leaves": 39,
  "subsample": 0.8708907290800589,
  "colsample_bytree": 0.7417259682635519,
  "random_state": 42,
  "n_jobs": -1,
  "verbosity": -1
}