{
  "n_estimators": 200,
  "learning_rate": 0.01153685790348512,
  "num_leaves": 44,
  "subsample": 0.7720820380753364,
  "colsample_bytree": 0.9012639958570291,
  "random_state": 42,
  "n_jobs": -1,
  "verbosity": -1
}