{
  "n_estimators": 500,
  "learning_rate": 0.018102644141638678,
  "num_leaves": 59,
  "subsample": 0.6784334545707635,
  "colsample_bytree": 0.9682287481835771,
  "random_state": 42,
  "n_jobs": -1,
  "verbosity": -1
}