{
  "n_estimators": 100,
  "learning_rate": 0.09049483731753032,
  "num_leaves": 53,
  "subsample": 0.6395420148370419,
  "colsample_bytree": 0.6481694283863987,
  "random_state": 42,
  "n_jobs": -1,
  "verbosity": -1
}