{
  "n_estimators": 400,
  "learning_rate": 0.039903231802102035,
  "num_leaves": 26,
  "subsample": 0.9236251176948175,
  "colsample_bytree": 0.6036843310425141,
  "random_state": 42,
  "n_jobs": -1,
  "verbosity": -1
}