{
  "n_estimators": 600,
  "learning_rate": 0.017287970610940596,
  "num_leaves": 26,
  "subsample": 0.7096467607287223,
  "colsample_bytree": 0.8439456444810043,
  "random_state": 42,
  "n_jobs": -1,
  "verbosity": -1
}