{
  "n_estimators": 600,
  "learning_rate": 0.010622512674359964,
  "num_leaves": 62,
  "subsample": 0.6110043440823567,
  "colsample_bytree": 0.8679398551856798,
  "random_state": 42,
  "n_jobs": -1,
  "verbosity": -1
}