{
  "n_estimators": 300,
  "learning_rate": 0.19468788673612747,
  "num_leaves": 15,
  "subsample": 0.7423779068505005,
  "colsample_bytree": 0.6006188887645936,
  "random_state": 42,
  "n_jobs": -1,
  "verbosity": -1
}