{
  "n_estimators": 300,
  "learning_rate": 0.04209348582144112,
  "num_leaves": 16,
  "subsample": 0.7384612311278133,
  "colsample_bytree": 0.8871516453533814,
  "random_state": 42,
  "n_jobs": -1,
  "verbosity": -1
}