{
  "n_estimators": 500,
  "learning_rate": 0.01047593742492643,
  "num_leaves": 58,
  "subsample": 0.6792755291956853,
  "colsample_bytree": 0.9055225052446277,
  "random_state": 42,
  "n_jobs": -1,
  "verbosity": -1
}