{
  "n_estimators": 200,
  "learning_rate": 0.0673236662807349,
  "num_leaves": 23,
  "subsample": 0.8121480930552004,
  "colsample_bytree": 0.6527278314135803,
  "random_state": 42,
  "n_jobs": -1,
  "verbosity": -1
}