{
  "n_estimators": 400,
  "learning_rate": 0.11381538929484944,
  "num_leaves": 17,
  "subsample": 0.791844354982863,
  "colsample_bytree": 0.8179826995330065,
  "random_state": 42,
  "n_jobs": -1,
  "verbosity": -1
}