{
  "n_estimators": 600,
  "learning_rate": 0.09032821629035782,
  "num_leaves": 58,
  "subsample": 0.6698013550919043,
  "colsample_bytree": 0.7668825505690876,
  "random_state": 42,
  "n_jobs": -1,
  "verbosity": -1
}