{
  "n_estimators": 100,
  "learning_rate": 0.015212936038862312,
  "num_leaves": 57,
  "subsample": 0.9957201088194121,
  "colsample_bytree": 0.9127929531991619,
  "random_state": 42,
  "n_jobs": -1,
  "verbosity": -1
}