{
  "n_estimators": 300,
  "learning_rate": 0.04263561773116086,
  "num_leaves": 24,
  "subsample": 0.6162436564943877,
  "colsample_bytree": 0.6480070555740158,
  "random_state": 42,
  "n_jobs": -1,
  "verbosity": -1
}