{
  "n_estimators": 200,
  "learning_rate": 0.07914192451314847,
  "num_leaves": 34,
  "subsample": 0.6592292798176694,
  "colsample_bytree": 0.6912670735961346,
  "random_state": 42,
  "n_jobs": -1,
  "verbosity": -1
}