{
  "n_estimators": 200,
  "learning_rate": 0.01605257334030546,
  "num_leaves": 58,
  "subsample": 0.8733746762954481,
  "colsample_bytree": 0.728939532425115,
  "random_state": 42,
  "n_jobs": -1,
  "verbosity": -1
}