{
  "n_estimators": 300,
  "learning_rate": 0.015133048295238948,
  "num_leaves": 51,
  "subsample": 0.9415977744685,
  "colsample_bytree": 0.7983899182230345,
  "random_state": 42,
  "n_jobs": -1,
  "verbosity": -1
}