{
  "n_estimators": 100,
  "learning_rate": 0.13084966136170254,
  "num_leaves": 32,
  "subsample": 0.9513835212432358,
  "colsample_bytree": 0.9984301586960055,
  "random_state": 42,
  "n_jobs": -1,
  "verbosity": -1
}