{
  "n_estimators": 300,
  "learning_rate": 0.016527843319675085,
  "num_leaves": 49,
  "subsample": 0.6946868694457699,
  "colsample_bytree": 0.8245225439535019,
  "random_state": 42,
  "n_jobs": -1,
  "verbosity": -1
}