{
  "n_estimators": 100,
  "learning_rate": 0.03316704241648352,
  "num_leaves": 58,
  "subsample": 0.8313358822100158,
  "colsample_bytree": 0.8738622012139028,
  "random_state": 42,
  "n_jobs": -1,
  "verbosity": -1
}