{
  "n_estimators": 500,
  "learning_rate": 0.17474378922777992,
  "num_leaves": 39,
  "subsample": 0.8159379665717166,
  "colsample_bytree": 0.9512080966394878,
  "random_state": 42,
  "n_jobs": -1,
  "verbosity": -1
}