{
  "n_estimators": 500,
  "learning_rate": 0.16438889200863602,
  "num_leaves": 42,
  "subsample": 0.7822309332179995,
  "colsample_bytree": 0.951244963474795,
  "random_state": 42,
  "n_jobs": -1,
  "verbosity": -1
}