{
  "n_estimators": 600,
  "learning_rate": 0.1927973215047328,
  "num_leaves": 21,
  "subsample": 0.7142032824546211,
  "colsample_bytree": 0.6806703938303152,
  "random_state": 42,
  "n_jobs": -1,
  "verbosity": -1
}