{
  "n_estimators": 300,
  "learning_rate": 0.06683153378915262,
  "num_leaves": 61,
  "subsample": 0.8087596241247602,
  "colsample_bytree": 0.9972449907189421,
  "random_state": 42,
  "n_jobs": -1,
  "verbosity": -1
}