{
  "n_estimators": 100,
  "learning_rate": 0.03478027983047398,
  "num_leaves": 21,
  "subsample": 0.9039803940634541,
  "colsample_bytree": 0.9748496112767343,
  "random_state": 42,
  "n_jobs": -1,
  "verbosity": -1
}