{
  "n_estimators": 500,
  "learning_rate": 0.020385379151040127,
  "num_leaves": 63,
  "subsample": 0.9120441005830926,
  "colsample_bytree": 0.688811055601389,
  "random_state": 42,
  "n_jobs": -1,
  "verbosity": -1
}