{
  "n_estimators": 100,
  "learning_rate": 0.014332162174695141,
  "num_leaves": 48,
  "subsample": 0.8369768131309832,
  "colsample_bytree": 0.9510316514831365,
  "random_state": 42,
  "n_jobs": -1,
  "verbosity": -1
}