{
  "n_estimators": 500,
  "learning_rate": 0.015857050942145776,
  "num_leaves": 37,
  "subsample": 0.7515240827980255,
  "colsample_bytree": 0.7850336055098769,
  "random_state": 42,
  "n_jobs": -1,
  "verbosity": -1
}