{
  "n_estimators": 100,
  "learning_rate": 0.03624376738555041,
  "num_leaves": 52,
  "subsample": 0.9183293246142532,
  "colsample_bytree": 0.8727712927361289,
  "random_state": 42,
  "n_jobs": -1,
  "verbosity": -1
}