{
  "n_estimators": 400,
  "learning_rate": 0.1502627077761853,
  "num_leaves": 29,
  "subsample": 0.7562393644112869,
  "colsample_bytree": 0.7069621874604448,
  "random_state": 42,
  "n_jobs": -1,
  "verbosity": -1
}