{
  "n_estimators": 200,
  "learning_rate": 0.12592211029295125,
  "num_leaves": 20,
  "subsample": 0.6153937443665423,
  "colsample_bytree": 0.6661371324475484,
  "random_state": 42,
  "n_jobs": -1,
  "verbosity": -1
}