{
  "n_estimators": 100,
  "learning_rate": 0.010473172319594656,
  "num_leaves": 62,
  "subsample": 0.6017855610006354,
  "colsample_bytree": 0.665898561160258,
  "random_state": 42,
  "n_jobs": -1,
  "verbosity": -1
}