{
  "n_estimators": 400,
  "learning_rate": 0.032270953182360756,
  "num_leaves": 16,
  "subsample": 0.8976146433918706,
  "colsample_bytree": 0.8603272419274935,
  "random_state": 42,
  "n_jobs": -1,
  "verbosity": -1
}