{
  "n_estimators": 400,
  "learning_rate": 0.039443214501703704,
  "num_leaves": 22,
  "subsample": 0.962969837377174,
  "colsample_bytree": 0.9398476445622248,
  "random_state": 42,
  "n_jobs": -1,
  "verbosity": -1
}