{
  "n_estimators": 400,
  "learning_rate": 0.010186429875724082,
  "num_leaves": 48,
  "subsample": 0.7551674460080235,
  "colsample_bytree": 0.9657921563891263,
  "random_state": 42,
  "n_jobs": -1,
  "verbosity": -1
}