{
  "n_estimators": 100,
  "learning_rate": 0.013388966113824013,
  "num_leaves": 33,
  "subsample": 0.7912750963598923,
  "colsample_bytree": 0.9941249956271961,
  "random_state": 42,
  "n_jobs": -1,
  "verbosity": -1
}