{
  "n_estimators": 500,
  "learning_rate": 0.01781690989818403,
  "num_leaves": 22,
  "subsample": 0.7264000452061041,
  "colsample_bytree": 0.7759347256172469,
  "random_state": 42,
  "n_jobs": -1,
  "verbosity": -1
}