{
  "n_estimators": 100,
  "learning_rate": 0.018462922568006458,
  "num_leaves": 28,
  "subsample": 0.8557260102184717,
  "colsample_bytree": 0.977829719113082,
  "random_state": 42,
  "n_jobs": -1,
  "verbosity": -1
}