{
  "n_estimators": 600,
  "learning_rate": 0.023213717683747206,
  "num_leaves": 34,
  "subsample": 0.7838851373606494,
  "colsample_bytree": 0.9654948631038076,
  "random_state": 42,
  "n_jobs": -1,
  "verbosity": -1
}