{
  "n_estimators": 100,
  "learning_rate": 0.061799544605116406,
  "num_leaves": 24,
  "subsample": 0.848522167070465,
  "colsample_bytree": 0.6635040796886178,
  "random_state": 42,
  "n_jobs": -1,
  "verbosity": -1
}