{
  "n_estimators": 400,
  "learning_rate": 0.012806521342303452,
  "num_leaves": 27,
  "subsample": 0.7747520039224226,
  "colsample_bytree": 0.8907293345045936,
  "random_state": 42,
  "n_jobs": -1,
  "verbosity": -1
}