{
  "n_estimators": 500,
  "learning_rate": 0.07102453553815828,
  "num_leaves": 21,
  "subsample": 0.9942707492549642,
  "colsample_bytree": 0.6151396087366875,
  "random_state": 42,
  "n_jobs": -1,
  "verbosity": -1
}