{
  "n_estimators": 300,
  "learning_rate": 0.039006493059470494,
  "num_leaves": 15,
  "subsample": 0.8011452952270129,
  "colsample_bytree": 0.8434196838580067,
  "random_state": 42,
  "n_jobs": -1,
  "verbosity": -1
}