{
  "n_estimators": 300,
  "learning_rate": 0.10750146914512144,
  "num_leaves": 25,
  "subsample": 0.9410743584527252,
  "colsample_bytree": 0.6646285903060554,
  "random_state": 42,
  "n_jobs": -1,
  "verbosity": -1
}