{
  "n_estimators": 500,
  "learning_rate": 0.010159610350561338,
  "num_leaves": 30,
  "subsample": 0.628751158146918,
  "colsample_bytree": 0.936577802491346,
  "random_state": 42,
  "n_jobs": -1,
  "verbosity": -1
}