{
  "n_estimators": 500,
  "learning_rate": 0.05965591136972551,
  "num_leaves": 28,
  "subsample": 0.892383208777543,
  "colsample_bytree": 0.6138959885532973,
  "random_state": 42,
  "n_jobs": -1,
  "verbosity": -1
}