{
  "n_estimators": 500,
  "learning_rate": 0.011206026506413553,
  "num_leaves": 54,
  "subsample": 0.8585839782422309,
  "colsample_bytree": 0.8922672331467116,
  "random_state": 42,
  "n_jobs": -1,
  "verbosity": -1
}