{
  "n_estimators": 400,
  "learning_rate": 0.07979955149906187,
  "num_leaves": 31,
  "subsample": 0.9042197218748356,
  "colsample_bytree": 0.790853338892406,
  "random_state": 42,
  "n_jobs": -1,
  "verbosity": -1
}