{
  "n_estimators": 600,
  "learning_rate": 0.014311799322964832,
  "num_leaves": 62,
  "subsample": 0.6298808988091215,
  "colsample_bytree": 0.9073269095313863,
  "random_state": 42,
  "n_jobs": -1,
  "verbosity": -1
}