{
  "n_estimators": 200,
  "learning_rate": 0.03658363703039093,
  "num_leaves": 32,
  "subsample": 0.62811622100925,
  "colsample_bytree": 0.8802388312678507,
  "random_state": 42,
  "n_jobs": -1,
  "verbosity": -1
}