{
  "n_estimators": 300,
  "learning_rate": 0.021248211167946323,
  "num_leaves": 31,
  "subsample": 0.7386281718307435,
  "colsample_bytree": 0.8846610465942235,
  "random_state": 42,
  "n_jobs": -1,
  "verbosity": -1
}