{
  "n_estimators": 300,
  "learning_rate": 0.01405300134294512,
  "num_leaves": 33,
  "subsample": 0.6721120032567879,
  "colsample_bytree": 0.6685189225985942,
  "random_state": 42,
  "n_jobs": -1,
  "verbosity": -1
}