{
  "n_estimators": 200,
  "learning_rate": 0.07693776464132597,
  "num_leaves": 53,
  "subsample": 0.6991543040348315,
  "colsample_bytree": 0.8387607052954613,
  "random_state": 42,
  "n_jobs": -1,
  "verbosity": -1
}