{
  "n_estimators": 300,
  "learning_rate": 0.07304178772068329,
  "num_leaves": 31,
  "subsample": 0.8779604184711601,
  "colsample_bytree": 0.9509763726015429,
  "random_state": 42,
  "n_jobs": -1,
  "verbosity": -1
}