{
  "n_estimators": 600,
  "learning_rate": 0.022583648050500008,
  "num_leaves": 35,
  "subsample": 0.8333951999389839,
  "colsample_bytree": 0.7618008373422129,
  "random_state": 42,
  "n_jobs": -1,
  "verbosity": -1
}