{
  "n_estimators": 100,
  "learning_rate": 0.018242320948322968,
  "num_leaves": 25,
  "subsample": 0.662414288303385,
  "colsample_bytree": 0.8488607644869314,
  "random_state": 42,
  "n_jobs": -1,
  "verbosity": -1
}