{
  "n_estimators": 500,
  "learning_rate": 0.018332950496754638,
  "num_leaves": 28,
  "subsample": 0.8599504788588295,
  "colsample_bytree": 0.6458963130559942,
  "random_state": 42,
  "n_jobs": -1,
  "verbosity": -1
}