{
  "n_estimators": 200,
  "learning_rate": 0.022276754337031218,
  "num_leaves": 59,
  "subsample": 0.9724824617558001,
  "colsample_bytree": 0.8855656148268571,
  "random_state": 42,
  "n_jobs": -1,
  "verbosity": -1
}