{
  "n_estimators": 500,
  "learning_rate": 0.12379918184073863,
  "num_leaves": 55,
  "subsample": 0.8367224910354917,
  "colsample_bytree": 0.658354175746461,
  "random_state": 42,
  "n_jobs": -1,
  "verbosity": -1
}