{
  "n_estimators": 500,
  "learning_rate": 0.09800628548641584,
  "num_leaves": 44,
  "subsample": 0.8216343716233535,
  "colsample_bytree": 0.7105676282805871,
  "random_state": 42,
  "n_jobs": -1,
  "verbosity": -1
}