{
  "n_estimators": 600,
  "learning_rate": 0.08973715303175335,
  "num_leaves": 15,
  "subsample": 0.7952426566874601,
  "colsample_bytree": 0.8832419395255248,
  "random_state": 42,
  "n_jobs": -1,
  "verbosity": -1
}