{
  "n_estimators": 100,
  "learning_rate": 0.010447242208573059,
  "num_leaves": 53,
  "subsample": 0.9504072716634858,
  "colsample_bytree": 0.9453097166893762,
  "random_state": 42,
  "n_jobs": -1,
  "verbosity": -1
}