{
  "n_estimators": 300,
  "learning_rate": 0.02787815929648726,
  "num_leaves": 32,
  "subsample": 0.7499290486159366,
  "colsample_bytree": 0.9392139486924478,
  "random_state": 42,
  "n_jobs": -1,
  "verbosity": -1
}