{
  "n_estimators": 500,
  "learning_rate": 0.05595636067172594,
  "num_leaves": 27,
  "subsample": 0.7090228523693408,
  "colsample_bytree": 0.8276891474804325,
  "random_state": 42,
  "n_jobs": -1,
  "verbosity": -1
}