{
  "n_estimators": 400,
  "learning_rate": 0.043755806516596794,
  "num_leaves": 22,
  "subsample": 0.9847919356796657,
  "colsample_bytree": 0.693324704673059,
  "random_state": 42,
  "n_jobs": -1,
  "verbosity": -1
}