{
  "n_estimators": 200,
  "learning_rate": 0.018366472095847516,
  "num_leaves": 42,
  "subsample": 0.8232251123719472,
  "colsample_bytree": 0.9039135049969726,
  "random_state": 42,
  "n_jobs": -1,
  "verbosity": -1
}