{
  "n_estimators": 600,
  "learning_rate": 0.041840905711587315,
  "num_leaves": 52,
  "subsample": 0.6502825990112462,
  "colsample_bytree": 0.9773596779947393,
  "random_state": 42,
  "n_jobs": -1,
  "verbosity": -1
}