{
  "n_estimators": 300,
  "learning_rate": 0.03536803234936757,
  "num_leaves": 24,
  "subsample": 0.6412583517004411,
  "colsample_bytree": 0.897688993901881,
  "random_state": 42,
  "n_jobs": -1,
  "verbosity": -1
}