{
  "n_estimators": 100,
  "learning_rate": 0.06108819362034424,
  "num_leaves": 58,
  "subsample": 0.7803953244286542,
  "colsample_bytree": 0.7406792036526217,
  "random_state": 42,
  "n_jobs": -1,
  "verbosity": -1
}