{
  "n_estimators": 400,
  "learning_rate": 0.12299035846923641,
  "num_leaves": 34,
  "subsample": 0.7994025855690128,
  "colsample_bytree": 0.8321669549121805,
  "random_state": 42,
  "n_jobs": -1,
  "verbosity": -1
}