{
  "n_estimators": 100,
  "learning_rate": 0.03012360921890821,
  "num_leaves": 63,
  "subsample": 0.7832032925146188,
  "colsample_bytree": 0.8050311443309607,
  "random_state": 42,
  "n_jobs": -1,
  "verbosity": -1
}