{
  "n_estimators": 600,
  "learning_rate": 0.1908315154683664,
  "num_leaves": 18,
  "subsample": 0.8897172498694044,
  "colsample_bytree": 0.9998396026442434,
  "random_state": 42,
  "n_jobs": -1,
  "verbosity": -1
}