{
  "n_estimators": 400,
  "learning_rate": 0.03296143169844045,
  "num_leaves": 59,
  "subsample": 0.7289569642540541,
  "colsample_bytree": 0.8477228034352817,
  "random_state": 42,
  "n_jobs": -1,
  "verbosity": -1
}