{
  "n_estimators": 100,
  "learning_rate": 0.013947685784965061,
  "num_leaves": 40,
  "subsample": 0.6908757029585283,
  "colsample_bytree": 0.6654923965771941,
  "random_state": 42,
  "n_jobs": -1,
  "verbosity": -1
}