{
  "n_estimators": 600,
  "learning_rate": 0.13293567010845436,
  "num_leaves": 44,
  "subsample": 0.900107736167136,
  "colsample_bytree": 0.9064670946129295,
  "random_state": 42,
  "n_jobs": -1,
  "verbosity": -1
}