{
  "n_estimators": 100,
  "learning_rate": 0.020950787420847095,
  "num_leaves": 58,
  "subsample": 0.7833933691224557,
  "colsample_bytree": 0.832762803294887,
  "random_state": 42,
  "n_jobs": -1,
  "verbosity": -1
}