{
  "n_estimators": 100,
  "learning_rate": 0.06491503660962028,
  "num_leaves": 21,
  "subsample": 0.7961458125418738,
  "colsample_bytree": 0.7746930470562489,
  "random_state": 42,
  "n_jobs": -1,
  "verbosity": -1
}