{
  "n_estimators": 100,
  "learning_rate": 0.01909780570220878,
  "num_leaves": 51,
  "subsample": 0.6152277532726014,
  "colsample_bytree": 0.6410826385650842,
  "random_state": 42,
  "n_jobs": -1,
  "verbosity": -1
}