{
  "n_estimators": 200,
  "learning_rate": 0.011041272736825791,
  "num_leaves": 55,
  "subsample": 0.9505409798701238,
  "colsample_bytree": 0.7588633439758294,
  "random_state": 42,
  "n_jobs": -1,
  "verbosity": -1
}