{
  "n_estimators": 200,
  "learning_rate": 0.046565866438974715,
  "num_leaves": 19,
  "subsample": 0.6243045391033123,
  "colsample_bytree": 0.7014471215608452,
  "random_state": 42,
  "n_jobs": -1,
  "verbosity": -1
}