{
  "n_estimators": 200,
  "learning_rate": 0.04853688488495229,
  "num_leaves": 25,
  "subsample": 0.7873289510465522,
  "colsample_bytree": 0.8120727787030838,
  "random_state": 42,
  "n_jobs": -1,
  "verbosity": -1
}