{
  "n_estimators": 200,
  "learning_rate": 0.013170433645565895,
  "num_leaves": 31,
  "subsample": 0.9473903410447544,
  "colsample_bytree": 0.8016416420001309,
  "random_state": 42,
  "n_jobs": -1,
  "verbosity": -1
}