{
  "n_estimators": 400,
  "learning_rate": 0.05572811039027267,
  "num_leaves": 45,
  "subsample": 0.620306909176821,
  "colsample_bytree": 0.6778872394245795,
  "random_state": 42,
  "n_jobs": -1,
  "verbosity": -1
}