{
  "n_estimators": 400,
  "learning_rate": 0.13107337115669623,
  "num_leaves": 63,
  "subsample": 0.8864844252775457,
  "colsample_bytree": 0.6810324947751537,
  "random_state": 42,
  "n_jobs": -1,
  "verbosity": -1
}