{
  "n_estimators": 100,
  "learning_rate": 0.02287348979373844,
  "num_leaves": 44,
  "subsample": 0.6081659765063643,
  "colsample_bytree": 0.8523114067379799,
  "random_state": 42,
  "n_jobs": -1,
  "verbosity": -1
}