{
  "n_estimators": 400,
  "learning_rate": 0.024423353593348057,
  "num_leaves": 42,
  "subsample": 0.9302083032170722,
  "colsample_bytree": 0.9475504550315885,
  "random_state": 42,
  "n_jobs": -1,
  "verbosity": -1
}