{
  "n_estimators": 100,
  "learning_rate": 0.053911796449282984,
  "num_leaves": 21,
  "subsample": 0.6863443205149234,
  "colsample_bytree": 0.9618416815152901,
  "random_state": 42,
  "n_jobs": -1,
  "verbosity": -1
}