{
  "n_estimators": 500,
  "learning_rate": 0.18564354540912717,
  "num_leaves": 36,
  "subsample": 0.6034249408548793,
  "colsample_bytree": 0.604206877124006,
  "random_state": 42,
  "n_jobs": -1,
  "verbosity": -1
}