{
  "n_estimators": 300,
  "learning_rate": 0.051301194728294815,
  "num_leaves": 31,
  "subsample": 0.7809598226689088,
  "colsample_bytree": 0.6066330034403968,
  "random_state": 42,
  "n_jobs": -1,
  "verbosity": -1
}