{
  "n_estimators": 100,
  "learning_rate": 0.010867245790726926,
  "num_leaves": 47,
  "subsample": 0.9756027822066003,
  "colsample_bytree": 0.7277618652330547,
  "random_state": 42,
  "n_jobs": -1,
  "verbosity": -1
}