{
  "n_estimators": 400,
  "learning_rate": 0.046446946064071654,
  "num_leaves": 34,
  "subsample": 0.8509855903874661,
  "colsample_bytree": 0.7187638840587477,
  "random_state": 42,
  "n_jobs": -1,
  "verbosity": -1
}