{
  "n_estimators": 100,
  "learning_rate": 0.07748277539521951,
  "num_leaves": 34,
  "subsample": 0.6168824230228427,
  "colsample_bytree": 0.6224858971504122,
  "random_state": 42,
  "n_jobs": -1,
  "verbosity": -1
}