{
  "n_estimators": 100,
  "learning_rate": 0.0230911582845266,
  "num_leaves": 17,
  "subsample": 0.773951046708006,
  "colsample_bytree": 0.86285729701467,
  "random_state": 42,
  "n_jobs": -1,
  "verbosity": -1
}