{
  "n_estimators": 500,
  "learning_rate": 0.02652673533387005,
  "num_leaves": 44,
  "subsample": 0.9429346205355859,
  "colsample_bytree": 0.8752276158469657,
  "random_state": 42,
  "n_jobs": -1,
  "verbosity": -1
}