{
  "n_estimators": 200,
  "learning_rate": 0.19657171094365425,
  "num_leaves": 40,
  "subsample": 0.9557150959638172,
  "colsample_bytree": 0.8771784016742954,
  "random_state": 42,
  "n_jobs": -1,
  "verbosity": -1
}